,A,C,D,E,F,G,H,I,K,L,M,N,P,Q,R,S,T,V,W,Y
A,5,1,-5,-5,-1,1,-3,0,-7,-1,-1,-2,-3,-3,-6,2,0,1,-4,-3
C,1,7,-7,-7,0,-2,-7,-3,-10,-2,-2,-2,-8,-5,-8,1,-1,-2,-4,-1
D,-5,-7,12,6,-5,-2,-1,-5,-5,-5,-5,2,-5,0,-7,-4,-5,-5,-7,-4
E,-5,-7,6,12,-5,-3,-1,-5,-4,-5,-5,0,-5,1,-6,-3,-5,-5,-7,-2
F,-1,0,-5,-5,6,-2,-2,0,-7,1,0,-1,-5,-2,-7,-2,-2,-1,0,4
G,1,-2,-2,-3,-2,9,-4,-2,-5,-2,-1,-1,-3,-2,-5,1,-1,-2,-5,-3
H,-3,-7,-1,-1,-2,-4,11,-5,-5,-4,-4,4,-6,2,-4,-2,-4,-5,-3,3
I,0,-3,-5,-5,0,-2,-5,5,-7,2,3,-3,-4,-3,-6,-2,-1,3,-4,-3
K,-7,-10,-5,-4,-7,-5,-5,-7,5,-7,-6,-2,-4,-1,-1,-5,-6,-8,-8,-4
L,-1,-2,-5,-5,1,-2,-4,2,-7,4,2,-3,-5,-3,-6,-2,-1,1,-3,-2
M,-1,-2,-5,-5,0,-1,-4,3,-6,2,6,-2,-5,-1,-6,-2,0,1,-4,-2
N,-2,-2,2,0,-1,-1,4,-3,-2,-3,-2,11,-4,2,-3,1,-1,-3,-5,2
P,-3,-8,-5,-5,-5,-3,-6,-4,-4,-5,-5,-4,13,-3,-7,-3,-4,-4,-6,-5
Q,-3,-5,0,1,-2,-2,2,-3,-1,-3,-1,2,-3,9,-2,-1,-3,-3,1,0
R,-6,-8,-7,-6,-7,-5,-4,-6,-1,-6,-6,-3,-7,-2,9,-6,-6,-7,-7,-6
S,2,1,-4,-3,-2,1,-2,-2,-5,-2,-2,1,-3,-1,-6,6,1,-2,-5,-2
T,0,-1,-5,-5,-2,-1,-4,-1,-6,-1,0,-1,-4,-3,-6,1,3,0,-7,-3
V,1,-2,-5,-5,-1,-2,-5,3,-8,1,1,-3,-4,-3,-7,-2,0,4,-4,-3
W,-4,-4,-7,-7,0,-5,-3,-4,-8,-3,-4,-5,-6,1,-7,-5,-7,-4,11,1
Y,-3,-1,-4,-2,4,-3,3,-3,-4,-2,-2,2,-5,0,-6,-2,-3,-3,1,11
